primer,LTR,count,qname,MD,LANL
TGTGTTAT,AGACCCACAAATCAAGAATCTCTTGCCTTTTCTTGGAGTAAATTAACCCTTCCA,12991,2,31G22,TRUE
TGTGTTAT,AGACCCACAAATCAAGAATCTCTTGCCTTTTCTTGGAGTAAATTAACCCTTCCACCTGCA,4148,6,19T34,TRUE
TGTGTTAT,AGACCCACAAATCAAGAATCTCTTGCCTTTTCTTGGAGTAAATTAACCCTTCA,1660,1,14T34,TRUE
TGTGTTAT,AGACCCACAAATCAAGAATCTCTTGCCTTTTCTTGGAGTAAATTAACCCTTCCACCTCA,1524,5,19T34,TRUE
TGTGTTAT,AGACCCACAAATCAAGAATCTCTTGCCTTTTCTTGGAGTAAATTAACCCTTTCA,1268,10,16T34,TRUE
TGTGTTAT,AGACCCACAAATCAAGAATCTCTTGCCTTTTCTTGGAGTAAATTAACCCTTCCACCTGGCTAATCA,809,9,4T14T34,TRUE
TGTGTTAT,AGACCCACAAATCAAGAATCTCTTGCCTTTTCTTGGAGTAAATTAACCCTTCCACCTGGCTAACA,783,8,4T14T34,TRUE
TGTGTTAT,AGACCCACAAATCAAGAATCTCTTGCCTTTTCTTGGAGTAAATTAACCCTTCCACCA,752,4,4T14T34,TRUE
TGTGTTAT,AGACCCACAAATCAAGAATCTCTTGCCTTTTCTTGGAGTAAATTAACCCTTCCACA,584,3,19T34,TRUE
TGTGTTAT,AGACCCACAAATCAAGAATCTCTTGCCTTTTCTTGGAGTAAATTAACCCTTCCACCTGGCA,488,7,15G0G2T34,TRUE
